Age,Income,Credit_Score,Loan_Amount,Employment_Type,Marital_Status,Loan_Term,Previous_Default,Approved
59,24018,505,11816,Salaried,Married,36,No,1
49,31302,754,16639,Self-Employed,Married,36,No,1
35,87506,572,34492,Salaried,Single,12,No,0
63,61157,535,16240,Self-Employed,Single,24,No,1
28,74917,820,37698,Self-Employed,Single,36,No,1
41,112738,800,31957,Salaried,Single,48,No,1
59,116646,416,37808,Salaried,Married,48,No,1
39,103122,685,10827,Salaried,Married,60,No,1
43,44519,643,37762,Salaried,Single,48,No,0
31,116809,694,13259,Unemployed,Single,60,Yes,1
31,107487,363,19849,Self-Employed,Single,12,No,1
44,76819,371,21232,Self-Employed,Married,12,No,0
56,100910,573,45572,Self-Employed,Divorced,12,No,0
60,140430,619,29173,Salaried,Single,24,No,1
44,91324,637,10374,Unemployed,Single,24,No,1
23,25408,665,26174,Self-Employed,Married,60,Yes,0
42,79379,794,28567,Self-Employed,Divorced,48,No,1
22,45053,465,40292,Self-Employed,Married,48,No,0
44,29446,843,14277,Salaried,Single,12,No,1
64,20922,310,36600,Self-Employed,Single,36,No,1
50,118723,600,14885,Salaried,Married,24,No,0
58,71356,401,5778,Salaried,Single,24,No,0
22,30789,724,34165,Salaried,Single,12,No,1
41,117720,691,6492,Unemployed,Married,24,Yes,1
53,86656,513,35462,Self-Employed,Single,12,No,0
32,64028,387,18615,Self-Employed,Married,60,No,0
42,84484,700,49900,Self-Employed,Single,48,No,1
64,52154,345,47946,Salaried,Single,36,No,1
45,102870,762,12851,Unemployed,Married,48,No,1
47,22336,609,21288,Salaried,Single,48,No,1
62,123677,385,12156,Salaried,Divorced,60,No,0
48,87779,391,7044,Salaried,Married,24,No,0
36,39029,541,12368,Self-Employed,Single,36,No,0
35,79201,301,24900,Self-Employed,Married,24,No,0
64,52265,524,35600,Salaried,Single,48,Yes,0
23,122916,415,30634,Salaried,Divorced,12,No,1
57,132250,402,14168,Self-Employed,Single,48,No,1
27,136553,493,25961,Salaried,Married,24,No,1
41,63872,465,49096,Self-Employed,Single,48,Yes,0
29,66197,389,28852,Unemployed,Married,12,No,1
59,145733,421,38110,Salaried,Married,60,No,0
38,75180,442,37174,Salaried,Married,24,No,0
24,43710,405,39215,Self-Employed,Single,48,No,1
45,49486,727,31955,Self-Employed,Single,24,No,1
34,91907,604,11581,Salaried,Married,60,No,0
29,148876,616,49619,Unemployed,Divorced,48,Yes,0
46,91895,308,11317,Salaried,Single,48,No,0
22,84435,372,47856,Salaried,Married,24,No,1
40,60631,658,31649,Self-Employed,Single,24,Yes,1
48,149038,522,28132,Self-Employed,Married,12,No,1
27,121532,715,21789,Salaried,Single,60,No,1
64,40103,669,19567,Self-Employed,Single,12,No,1
28,84772,563,19868,Salaried,Married,48,No,0
55,146108,617,29370,Salaried,Single,24,No,1
34,34382,383,47533,Salaried,Married,48,Yes,0
37,104291,617,35483,Self-Employed,Married,48,Yes,1
56,121195,410,17466,Salaried,Single,36,No,1
60,23756,550,33803,Salaried,Single,36,No,1
24,40609,682,23230,Salaried,Married,48,No,0
22,134074,306,22862,Self-Employed,Single,24,No,1
26,36478,758,48355,Self-Employed,Married,48,No,1
62,120978,383,36259,Self-Employed,Married,36,No,1
24,59666,507,38539,Salaried,Married,24,No,0
49,95683,689,26909,Self-Employed,Single,48,No,1
38,119097,613,35795,Salaried,Single,60,No,0
46,144714,321,13770,Self-Employed,Single,60,No,0
64,120420,709,16093,Unemployed,Single,48,No,1
54,91315,814,5193,Salaried,Married,24,Yes,0
30,97834,426,39775,Self-Employed,Married,48,No,0
56,146205,313,22569,Salaried,Single,48,No,0
34,34153,311,16190,Salaried,Single,36,Yes,0
51,129415,386,47752,Salaried,Single,60,No,0
35,96325,823,37327,Salaried,Married,36,Yes,1
28,129701,836,47070,Salaried,Single,36,No,1
34,32999,600,25389,Self-Employed,Married,48,No,0
43,75318,542,45197,Salaried,Single,36,No,0
60,20814,421,7261,Self-Employed,Married,60,Yes,0
41,135033,446,33369,Salaried,Married,36,No,1
36,96077,655,31512,Salaried,Single,60,No,1
38,110474,608,11716,Self-Employed,Single,36,No,0
44,22443,587,26259,Salaried,Married,60,No,0
46,95993,606,33933,Salaried,Single,36,Yes,1
45,95916,848,46689,Self-Employed,Married,36,No,1
61,93319,651,9378,Salaried,Married,24,No,1
49,145885,611,45583,Salaried,Married,60,No,1
35,129777,358,24835,Salaried,Married,60,Yes,0
21,37368,334,34033,Unemployed,Single,60,Yes,0
45,35328,744,29000,Self-Employed,Single,12,Yes,0
27,76942,392,15332,Self-Employed,Married,36,No,1
29,111751,506,47604,Self-Employed,Single,60,No,1
44,119131,652,7800,Salaried,Married,12,No,1
21,47306,631,34538,Salaried,Single,24,No,0
64,105451,458,35119,Self-Employed,Single,60,No,1
28,59915,323,13333,Salaried,Divorced,60,No,1
44,57219,703,10410,Salaried,Single,12,No,1
31,100879,815,22839,Salaried,Divorced,36,Yes,1
37,131939,663,35519,Salaried,Divorced,24,No,1
28,84644,681,10808,Unemployed,Married,60,No,1
55,80279,831,11796,Salaried,Married,36,Yes,1
55,73028,451,26180,Salaried,Married,24,No,1
53,124263,719,48056,Salaried,Married,48,No,1
25,20126,549,22709,Unemployed,Single,48,No,1
62,72329,416,22543,Salaried,Married,24,No,0
59,47632,811,42418,Salaried,Married,12,No,1
61,127099,634,34075,Self-Employed,Married,24,No,1
48,85310,717,42755,Self-Employed,Married,24,No,1
27,129945,594,42465,Salaried,Single,12,No,0
29,75176,670,35502,Salaried,Married,12,No,1
28,139797,485,21724,Salaried,Married,36,No,1
32,106066,545,8828,Salaried,Single,36,No,0
54,125500,567,22087,Salaried,Divorced,12,No,1
53,146413,536,17605,Salaried,Married,48,No,1
43,64327,829,36337,Salaried,Married,48,Yes,1
44,88904,320,10482,Salaried,Married,24,Yes,0
57,23797,819,32005,Self-Employed,Married,60,Yes,0
55,67882,399,27760,Unemployed,Single,24,No,1
64,33718,777,10463,Self-Employed,Married,24,No,1
60,54560,597,9912,Salaried,Single,60,No,0
42,96589,825,9648,Salaried,Married,12,No,1
47,42116,633,38623,Unemployed,Divorced,48,No,0
55,56244,301,40634,Salaried,Single,24,No,0
21,121721,674,49602,Salaried,Single,60,Yes,1
55,21645,592,8112,Salaried,Married,36,No,1
57,67523,617,27054,Self-Employed,Single,24,No,1
34,144085,801,9492,Self-Employed,Married,48,No,1
23,137718,680,27207,Salaried,Single,12,No,1
21,39256,313,20114,Salaried,Single,24,No,0
25,121376,803,39285,Unemployed,Divorced,24,Yes,1
46,120158,530,21018,Salaried,Married,60,Yes,0
34,73173,383,26386,Self-Employed,Married,36,Yes,1
59,57430,429,22740,Self-Employed,Single,36,No,1
47,59282,444,49199,Self-Employed,Married,12,No,0
29,139719,327,13210,Salaried,Married,48,No,1
35,83374,365,49363,Salaried,Married,12,Yes,1
35,88244,462,17743,Salaried,Married,24,No,0
46,31694,528,47092,Self-Employed,Married,24,No,0
62,76264,560,49299,Unemployed,Married,36,No,0
33,95060,748,11588,Salaried,Single,48,No,1
52,117416,723,8311,Salaried,Married,60,No,1
59,77545,759,27432,Unemployed,Single,48,No,1
52,138195,600,38755,Self-Employed,Married,24,No,1
24,59224,602,8321,Self-Employed,Single,60,No,1
50,122516,586,20812,Salaried,Married,48,No,0
57,117945,694,42383,Salaried,Married,48,No,1
43,33224,309,18146,Self-Employed,Single,60,No,0
59,60738,569,18654,Self-Employed,Single,24,No,1
35,45150,660,40820,Salaried,Single,48,No,1
63,83731,556,5726,Salaried,Married,60,No,0
49,69688,432,8760,Salaried,Married,24,No,0
56,119929,575,27190,Salaried,Single,60,No,1
33,128618,812,6875,Salaried,Married,60,No,1
52,93509,612,28377,Unemployed,Single,48,No,1
27,28577,583,9033,Salaried,Married,24,No,0
42,28070,420,43211,Self-Employed,Divorced,48,No,0
48,146161,406,22373,Salaried,Single,12,No,0
22,28666,503,8744,Self-Employed,Married,12,No,1
62,77761,464,29995,Unemployed,Single,24,No,1
26,141178,604,21977,Salaried,Single,60,No,0
48,56368,796,37402,Salaried,Single,48,No,1
48,26783,455,39542,Salaried,Single,48,No,0
64,131530,666,15651,Salaried,Married,24,No,1
64,61914,550,38703,Self-Employed,Married,24,No,0
40,90507,633,18395,Unemployed,Married,12,No,1
50,147738,810,34808,Salaried,Single,36,No,1
31,99026,592,41576,Salaried,Single,24,Yes,0
48,135893,319,21715,Salaried,Married,36,No,0
45,131255,581,49409,Self-Employed,Divorced,24,No,1
59,130616,300,29306,Salaried,Single,60,No,1
53,87526,418,24086,Salaried,Married,60,No,0
21,90835,334,19376,Self-Employed,Married,12,No,0
47,65765,497,10889,Self-Employed,Married,12,No,0
33,39956,784,42822,Salaried,Married,36,No,1
61,107895,358,41636,Self-Employed,Single,24,No,0
23,66240,460,25584,Salaried,Single,48,Yes,0
59,141008,505,39610,Salaried,Married,12,No,1
26,57148,311,15058,Self-Employed,Single,48,Yes,0
28,114270,789,14101,Self-Employed,Divorced,48,No,1
47,147978,575,17497,Salaried,Married,24,No,0
29,24757,541,9658,Salaried,Single,36,No,1
57,39097,515,16381,Salaried,Married,24,No,1
53,30395,550,45312,Salaried,Single,12,Yes,0
62,36241,425,45486,Salaried,Married,48,No,0
64,123892,516,22154,Salaried,Married,24,No,1
44,47696,605,24539,Salaried,Divorced,24,No,0
35,135654,484,16777,Self-Employed,Married,24,No,0
52,90480,338,39396,Self-Employed,Married,12,No,0
52,66163,522,35373,Self-Employed,Married,36,Yes,0
44,39816,483,38154,Salaried,Divorced,24,No,0
61,69840,794,11031,Unemployed,Single,12,No,1
32,122547,726,32997,Self-Employed,Single,48,No,1
59,72853,477,11439,Self-Employed,Single,60,No,0
22,44917,727,27785,Self-Employed,Single,12,Yes,1
23,116731,593,18392,Unemployed,Married,60,No,0
57,41566,450,33669,Salaried,Married,24,Yes,0
37,95452,683,33939,Salaried,Married,24,No,1
22,82823,607,7282,Self-Employed,Single,12,No,1
22,141392,635,39624,Self-Employed,Married,60,No,0
48,40806,674,29364,Self-Employed,Single,24,No,1
43,95520,307,6998,Salaried,Married,48,No,1
57,21759,640,36705,Salaried,Married,36,No,0
52,146092,428,43244,Salaried,Single,36,No,1
53,61949,651,14428,Unemployed,Single,24,Yes,1
21,112374,657,42437,Salaried,Single,60,No,1
39,22482,816,17336,Salaried,Married,24,No,1
22,44442,794,14342,Salaried,Divorced,60,No,1
64,53719,385,44832,Salaried,Married,48,No,1
46,78066,474,12446,Self-Employed,Single,60,No,0
52,113501,492,43392,Self-Employed,Married,24,No,0
26,22079,610,12461,Self-Employed,Married,48,No,0
52,22717,418,39587,Salaried,Married,12,No,0
24,79676,517,15516,Self-Employed,Single,36,No,0
31,47952,726,18749,Salaried,Single,24,No,0
37,106444,713,22514,Self-Employed,Married,24,No,1
58,62460,413,40426,Salaried,Single,24,Yes,0
44,110397,444,41268,Salaried,Single,48,No,0
25,92847,837,29950,Self-Employed,Single,12,No,1
54,113607,602,39888,Unemployed,Married,60,No,1
26,109106,644,41788,Salaried,Married,12,No,0
42,38449,300,15213,Self-Employed,Divorced,48,Yes,0
31,53536,446,41027,Salaried,Married,24,No,1
36,84077,586,33011,Salaried,Married,36,No,0
53,58258,352,47849,Salaried,Single,24,Yes,1
29,68302,603,39591,Salaried,Married,60,Yes,0
26,145937,368,22858,Salaried,Single,36,No,0
36,48865,660,23626,Salaried,Married,24,No,1
49,26645,519,18467,Salaried,Single,36,Yes,0
23,139771,460,44758,Unemployed,Single,12,No,0
40,58000,388,8134,Salaried,Single,48,No,1
56,46737,458,21743,Self-Employed,Single,24,No,0
39,31485,788,20434,Salaried,Single,60,No,0
46,58565,623,15233,Self-Employed,Single,12,No,1
23,45522,680,6141,Salaried,Divorced,24,No,1
39,139614,401,23019,Salaried,Married,12,No,0
40,85155,793,25384,Salaried,Married,60,No,1
52,75168,318,47903,Salaried,Married,24,No,1
27,72487,753,41129,Salaried,Divorced,60,No,1
61,149948,781,27967,Self-Employed,Married,36,No,1
53,32342,696,45603,Self-Employed,Married,60,No,0
60,60806,578,16172,Self-Employed,Single,36,Yes,0
59,68770,664,21390,Self-Employed,Single,24,No,1
38,98623,630,8267,Salaried,Married,36,No,0
60,123177,643,44332,Salaried,Married,24,No,0
21,119785,754,31167,Salaried,Married,24,No,1
31,95629,364,26312,Salaried,Single,48,No,0
48,140993,375,32840,Salaried,Single,24,No,0
45,72603,442,23990,Salaried,Married,36,No,1
43,146944,772,49179,Salaried,Single,48,No,1
51,132726,716,10906,Salaried,Married,48,Yes,1
50,101974,604,45379,Self-Employed,Married,24,Yes,1
62,125947,796,22297,Self-Employed,Married,60,No,1
55,46399,590,7011,Salaried,Married,60,No,0
27,148177,401,49014,Unemployed,Married,48,No,0
36,105382,566,16738,Unemployed,Married,24,Yes,0
46,101244,302,33797,Salaried,Married,60,No,1
22,129575,384,16120,Salaried,Married,24,Yes,1
21,135520,627,13767,Salaried,Single,24,Yes,1
32,130904,749,27852,Unemployed,Single,48,Yes,1
25,96534,753,18703,Self-Employed,Single,48,No,1
57,75106,520,5929,Salaried,Married,12,No,0
52,132599,453,16951,Salaried,Married,60,No,0
29,50678,311,31039,Salaried,Married,60,No,0
61,96218,432,34504,Salaried,Single,60,Yes,1
55,83230,603,22438,Salaried,Single,36,No,0
39,134684,592,10744,Self-Employed,Divorced,24,No,0
36,94055,599,23284,Self-Employed,Single,48,No,0
23,76373,342,47417,Self-Employed,Married,60,Yes,1
40,51480,642,44748,Self-Employed,Married,12,No,1
44,105230,625,12069,Self-Employed,Married,60,No,1
53,88836,797,47359,Salaried,Single,24,No,1
44,92258,663,24799,Self-Employed,Single,24,No,1
31,59986,726,38210,Salaried,Single,48,Yes,1
28,44160,320,33226,Self-Employed,Married,36,No,0
56,105595,706,9652,Salaried,Married,48,Yes,1
58,121358,635,29323,Self-Employed,Single,60,No,1
60,99111,416,47138,Salaried,Married,12,No,1
40,84929,423,12597,Salaried,Married,48,Yes,0
55,93506,698,42226,Salaried,Single,36,No,1
45,54911,350,11591,Salaried,Married,48,No,1
55,107127,623,30833,Self-Employed,Married,24,Yes,0
45,51821,440,16826,Self-Employed,Single,60,No,0
49,95039,769,31417,Salaried,Single,60,No,1
38,80535,633,23693,Salaried,Married,60,No,0
38,133453,672,19138,Salaried,Married,60,No,1
22,104458,793,7169,Salaried,Married,60,No,1
55,32175,838,23556,Salaried,Married,60,No,1
36,139235,455,27052,Self-Employed,Married,12,No,1
61,74771,590,11313,Salaried,Single,36,No,1
56,126660,443,13315,Salaried,Married,60,Yes,0
53,147157,405,13036,Salaried,Married,36,No,0
24,141300,719,36778,Salaried,Single,60,No,1
53,106925,301,32734,Salaried,Married,48,Yes,1
34,133374,389,28173,Self-Employed,Married,60,No,1
41,86358,644,35403,Salaried,Single,24,No,1
40,37327,649,5785,Salaried,Divorced,12,No,1
28,67057,758,11139,Salaried,Single,48,Yes,1
27,26150,562,11344,Salaried,Single,48,Yes,0
23,24425,650,23800,Salaried,Single,24,No,0
37,143654,407,30372,Unemployed,Married,60,No,0
53,36032,338,25538,Self-Employed,Married,12,Yes,0
32,22198,458,19973,Salaried,Single,48,No,0
42,80500,611,10619,Salaried,Married,12,Yes,0
42,73394,540,39704,Salaried,Single,48,No,1
50,40079,744,41575,Salaried,Married,60,No,1
58,56220,597,44919,Self-Employed,Married,48,No,1
58,61874,335,47261,Self-Employed,Married,48,No,1
28,33859,383,32716,Salaried,Divorced,36,No,0
47,70460,751,8236,Salaried,Single,60,No,1
47,51419,684,20848,Salaried,Single,24,No,1
54,138865,471,7352,Self-Employed,Married,24,No,0
41,28705,675,6932,Self-Employed,Divorced,60,Yes,1
50,62880,661,15913,Salaried,Single,24,No,1
53,149838,440,13556,Salaried,Single,60,No,1
48,43236,417,26300,Self-Employed,Single,24,Yes,0
53,107955,576,10498,Salaried,Married,36,No,1
25,105514,519,15582,Salaried,Single,24,Yes,0
39,123145,325,14569,Salaried,Married,48,No,1
24,35358,820,9857,Self-Employed,Divorced,60,No,1
55,119713,309,5340,Salaried,Married,12,Yes,1
37,114914,677,48949,Salaried,Single,12,No,1
64,122870,451,21766,Self-Employed,Married,60,No,0
48,96918,348,31132,Salaried,Single,36,No,0
50,139179,453,13491,Salaried,Married,24,No,1
49,136243,592,5138,Salaried,Married,36,No,1
26,34596,349,5358,Salaried,Single,12,No,1
55,53572,830,14714,Self-Employed,Married,60,No,1
61,98757,359,24840,Salaried,Married,60,No,0
57,21279,466,39395,Salaried,Married,36,No,0
44,83197,501,35654,Salaried,Single,36,No,1
49,131496,445,30879,Self-Employed,Married,24,No,0
51,82516,738,20996,Self-Employed,Divorced,48,No,1
55,27083,541,42772,Salaried,Married,48,No,1
53,140674,782,31762,Salaried,Divorced,24,No,1
41,140307,407,18283,Self-Employed,Single,48,No,1
52,146457,525,44420,Salaried,Married,12,No,1
43,129397,731,24554,Self-Employed,Married,48,No,1
53,37771,718,25219,Self-Employed,Married,24,No,1
23,49975,754,39919,Self-Employed,Married,48,No,1
38,65648,459,14429,Salaried,Single,60,No,0
45,145641,822,49695,Salaried,Single,36,No,1
62,68285,376,44673,Self-Employed,Single,12,Yes,0
51,39063,808,24218,Salaried,Single,60,No,1
23,87642,740,17452,Salaried,Married,60,No,1
60,110093,553,23951,Self-Employed,Single,24,No,0
44,134390,619,6307,Self-Employed,Single,36,Yes,0
52,106143,562,19852,Salaried,Married,36,No,0
42,57599,673,30232,Salaried,Married,12,No,1
43,71920,466,40428,Salaried,Married,24,Yes,0
22,48529,758,48171,Self-Employed,Married,12,No,1
47,55954,579,31485,Unemployed,Single,48,No,1
62,47856,601,15238,Salaried,Married,60,No,0
22,22573,830,43975,Salaried,Married,12,No,0
46,98344,517,6140,Self-Employed,Single,60,No,0
37,55367,401,29842,Salaried,Married,24,No,1
60,122337,587,31421,Salaried,Divorced,48,No,0
53,126732,466,6708,Unemployed,Single,24,No,0
29,119608,335,8630,Salaried,Single,48,No,1
63,80774,652,24595,Self-Employed,Single,48,No,1
59,43752,372,15485,Salaried,Single,60,No,0
49,75029,652,33308,Salaried,Married,24,No,1
62,37685,369,49789,Self-Employed,Married,24,No,0
46,71693,724,31086,Salaried,Single,12,Yes,1
55,136739,816,21859,Unemployed,Divorced,24,No,1
45,75961,727,12684,Salaried,Married,12,No,1
44,126937,838,30552,Salaried,Married,36,No,1
33,144956,459,6207,Salaried,Married,36,No,0
27,96908,448,6960,Salaried,Single,36,No,0
56,145537,529,5557,Salaried,Married,24,No,1
40,146678,366,34689,Salaried,Married,24,Yes,1
21,94532,680,18893,Salaried,Married,12,No,1
28,101994,357,37272,Salaried,Married,48,Yes,0
36,76133,558,5882,Self-Employed,Single,12,No,1
34,117425,641,42529,Self-Employed,Divorced,36,No,0
32,145055,429,43635,Self-Employed,Single,12,No,0
43,81268,471,34535,Salaried,Married,48,No,1
35,112201,508,17869,Salaried,Divorced,24,No,1
48,58243,653,12166,Self-Employed,Single,12,Yes,1
54,77384,770,17982,Salaried,Married,36,Yes,1
22,51653,415,45697,Salaried,Single,36,No,0
52,46657,563,43115,Self-Employed,Married,24,Yes,0
43,59952,741,12269,Self-Employed,Married,12,Yes,0
42,42180,847,33064,Salaried,Married,48,No,1
45,117432,752,18527,Salaried,Divorced,24,No,1
42,141829,776,7454,Self-Employed,Married,12,No,1
42,148377,586,25878,Salaried,Married,60,No,0
62,98411,602,17991,Self-Employed,Married,36,No,0
26,21622,610,7808,Self-Employed,Divorced,48,No,0
35,68756,507,44410,Self-Employed,Single,48,No,1
63,60809,745,41593,Salaried,Divorced,48,No,1
57,36725,354,41304,Salaried,Single,36,No,0
53,81396,311,35386,Self-Employed,Married,12,No,1
28,71226,699,8802,Self-Employed,Single,24,No,1
64,126296,814,33753,Self-Employed,Single,12,Yes,0
64,101182,841,26083,Salaried,Married,24,Yes,1
25,102565,536,23354,Salaried,Married,48,Yes,0
59,49402,578,27190,Self-Employed,Single,12,No,1
24,24263,647,11142,Self-Employed,Single,48,No,0
26,143489,403,33398,Unemployed,Married,60,No,0
52,116523,816,46862,Self-Employed,Divorced,48,No,1
50,66828,547,38132,Salaried,Single,48,No,0
55,140824,663,24503,Self-Employed,Single,24,Yes,1
60,67924,620,39631,Self-Employed,Married,60,No,1
36,94182,585,21499,Salaried,Single,48,No,0
33,113065,448,44852,Self-Employed,Married,48,No,0
62,79052,383,13016,Salaried,Married,60,No,1
50,31664,705,7384,Salaried,Married,60,Yes,0
39,55737,755,20072,Self-Employed,Single,12,Yes,1
37,121332,460,41703,Salaried,Married,24,Yes,1
39,109563,759,19482,Salaried,Married,60,No,1
48,49373,849,45510,Salaried,Married,60,No,1
46,137369,799,26826,Salaried,Married,36,No,1
57,56397,808,7490,Salaried,Married,60,No,1
46,148575,780,30518,Salaried,Married,24,No,1
43,106145,413,29045,Unemployed,Married,48,No,0
29,121371,660,31910,Salaried,Divorced,48,Yes,1
32,58709,640,29566,Salaried,Married,48,No,0
21,136074,748,38905,Salaried,Married,48,No,1
21,81120,479,32103,Self-Employed,Single,36,Yes,1
54,39250,706,41188,Salaried,Married,60,No,0
52,41172,495,10845,Self-Employed,Married,48,No,0
45,31555,765,26162,Self-Employed,Single,12,No,1
60,107410,610,41674,Self-Employed,Single,48,No,1
21,98617,561,24337,Salaried,Married,60,No,1
36,73276,718,27313,Self-Employed,Married,48,No,1
59,77492,705,31943,Salaried,Married,36,Yes,0
25,73002,442,17413,Unemployed,Single,24,Yes,1
42,140103,641,5276,Self-Employed,Married,24,Yes,0
49,144938,615,22611,Salaried,Single,60,Yes,1
23,109599,400,44105,Salaried,Married,24,No,1
32,92355,543,16944,Salaried,Single,24,No,0
46,111248,789,20906,Self-Employed,Single,12,Yes,1
36,44762,311,25536,Salaried,Single,60,No,0
57,31046,538,32810,Salaried,Single,60,Yes,0
42,116999,341,17306,Salaried,Single,24,No,0
49,144130,728,15503,Self-Employed,Single,24,No,1
34,136021,457,24225,Self-Employed,Married,24,No,1
48,48769,515,41976,Self-Employed,Married,36,No,0
25,73302,761,16590,Self-Employed,Single,48,No,1
50,43150,433,15886,Salaried,Married,36,No,1
25,88247,366,17866,Salaried,Single,60,No,0
32,24853,306,6088,Self-Employed,Married,12,Yes,0
36,114613,825,8363,Salaried,Single,48,Yes,1
46,140900,372,37792,Salaried,Single,12,Yes,0
46,109399,698,14764,Salaried,Married,60,No,1
41,41792,704,25620,Salaried,Married,60,Yes,0
59,79129,429,47727,Salaried,Married,12,No,1
56,126019,765,17935,Self-Employed,Married,12,No,1
53,94478,505,13068,Salaried,Divorced,12,No,0
50,133811,565,12295,Salaried,Single,60,No,1
57,134130,836,46160,Salaried,Single,24,Yes,1
43,87298,552,16390,Self-Employed,Single,12,Yes,0
30,51987,588,46216,Salaried,Single,48,No,1
25,35850,463,25131,Self-Employed,Married,60,No,0
56,32112,394,34218,Self-Employed,Married,36,No,0
54,141789,409,15433,Salaried,Single,36,Yes,1
51,44058,635,20038,Unemployed,Divorced,48,No,0
30,65420,537,33182,Unemployed,Married,24,Yes,0
39,58890,680,16528,Self-Employed,Single,12,No,1
52,86017,735,26281,Self-Employed,Single,60,No,1
21,67304,782,13605,Salaried,Single,12,No,1
25,52921,324,39782,Salaried,Single,60,Yes,0
24,125921,416,6381,Salaried,Single,36,Yes,0
36,21524,781,6098,Salaried,Married,12,No,1
44,120424,691,24810,Unemployed,Single,48,No,1
36,35048,836,29322,Salaried,Single,24,No,1
22,55111,378,46869,Self-Employed,Divorced,48,No,0
48,57904,472,37955,Self-Employed,Married,24,No,1
52,74912,311,49716,Self-Employed,Divorced,12,Yes,0
47,54008,427,15207,Unemployed,Single,12,No,0
40,20060,391,26793,Salaried,Single,24,No,0
44,94666,842,7092,Salaried,Married,36,No,1
32,103559,831,33220,Salaried,Single,60,Yes,0
55,75337,746,23514,Salaried,Single,48,No,1
53,130616,689,43010,Salaried,Married,48,No,1
53,33350,342,13549,Salaried,Married,48,No,0
63,44354,553,27031,Self-Employed,Married,12,No,0
57,65186,429,10185,Salaried,Married,48,Yes,1
32,48145,359,20271,Salaried,Married,60,No,0
23,54020,766,10776,Self-Employed,Single,60,No,1
21,106123,586,17449,Salaried,Single,24,No,0
53,126667,816,29297,Salaried,Single,12,No,1
60,95186,766,45591,Self-Employed,Single,60,Yes,1
30,105469,644,20717,Self-Employed,Divorced,36,No,0
63,40581,681,45123,Self-Employed,Married,12,Yes,0
64,108929,552,44233,Salaried,Married,12,No,0
49,43051,355,15350,Self-Employed,Single,60,No,0
33,71474,762,35622,Self-Employed,Single,36,No,1
32,111748,756,40323,Salaried,Single,24,No,1
51,145995,382,7951,Self-Employed,Single,60,Yes,0
22,134618,398,22622,Self-Employed,Single,36,No,1
55,89626,448,9727,Salaried,Married,12,No,1
43,26960,628,43454,Salaried,Married,36,Yes,0
37,55772,455,41469,Unemployed,Married,12,No,1
46,41520,489,40548,Self-Employed,Married,60,No,0
28,69481,793,28782,Salaried,Divorced,60,Yes,1
49,56408,562,33454,Self-Employed,Single,48,No,0
46,114006,379,7368,Salaried,Single,48,Yes,1
30,148496,699,20592,Salaried,Single,48,No,1
46,77134,559,27173,Salaried,Married,60,Yes,1
54,40491,400,38204,Unemployed,Divorced,24,No,0
61,21341,658,40596,Unemployed,Single,60,No,0
27,64623,679,39324,Salaried,Married,36,No,1
24,110327,520,28864,Salaried,Married,60,No,0
31,20338,719,35750,Salaried,Single,60,No,1
49,91431,423,15576,Unemployed,Single,12,No,0
56,32254,721,21566,Unemployed,Married,12,Yes,1
45,71860,530,12190,Self-Employed,Divorced,12,No,0
41,31344,362,28071,Self-Employed,Single,60,No,0
56,21750,784,43333,Self-Employed,Married,24,No,1
30,74756,782,20369,Salaried,Single,36,No,1
57,87957,818,29035,Salaried,Married,36,No,1
29,125423,454,6589,Salaried,Married,24,No,0
44,78053,391,30235,Self-Employed,Married,24,No,1
55,90855,825,5159,Self-Employed,Married,36,Yes,0
55,35896,754,17145,Salaried,Married,48,No,1
56,75761,809,20373,Unemployed,Married,12,No,1
38,82552,482,36921,Salaried,Single,12,No,0
59,140075,685,44323,Salaried,Married,36,No,1
52,97454,704,21237,Self-Employed,Single,24,Yes,1
44,146522,545,46971,Self-Employed,Married,48,No,1
43,138681,770,13244,Self-Employed,Married,36,No,1
52,110600,722,19743,Salaried,Married,12,Yes,0
57,142732,364,36566,Salaried,Married,60,No,1
32,132153,312,23691,Self-Employed,Divorced,24,Yes,1
33,142926,512,38996,Salaried,Single,60,No,0
43,47935,541,10590,Salaried,Married,36,Yes,0
45,57641,792,10585,Self-Employed,Single,12,No,1
55,49711,512,14227,Salaried,Single,48,No,0
61,90342,637,33278,Self-Employed,Single,60,No,0
50,126896,472,43814,Self-Employed,Divorced,48,No,0
37,32182,463,17237,Salaried,Married,12,No,0
40,107833,764,20649,Salaried,Divorced,60,No,1
45,76276,796,42713,Self-Employed,Divorced,48,Yes,1
42,39541,694,12927,Self-Employed,Single,48,No,1
33,114457,607,12016,Self-Employed,Single,60,Yes,0
39,102310,482,19027,Self-Employed,Married,12,No,0
56,64813,809,29142,Self-Employed,Married,48,No,1
32,57198,845,28545,Unemployed,Married,36,No,1
61,28820,526,36897,Salaried,Single,60,No,0
39,44070,735,8167,Salaried,Married,24,Yes,0
32,89768,721,49757,Salaried,Married,24,No,1
29,31122,320,31917,Salaried,Single,12,No,0
27,100559,696,27736,Salaried,Married,36,No,1
48,93543,404,32990,Salaried,Married,48,No,1
34,103441,491,19087,Unemployed,Married,24,Yes,0
51,61786,316,27440,Salaried,Single,12,No,0
39,114934,419,40205,Salaried,Married,36,No,0
36,119804,692,20275,Salaried,Single,36,No,1
25,26737,724,10276,Salaried,Single,12,No,1
55,56062,428,46627,Salaried,Married,12,No,0
32,74237,429,45586,Salaried,Married,48,No,1
45,71571,328,42496,Salaried,Single,12,Yes,0
41,45510,396,24008,Self-Employed,Married,48,No,0
56,39426,309,10738,Self-Employed,Married,48,No,0
43,57265,541,37402,Self-Employed,Married,60,No,0
36,37850,531,10793,Self-Employed,Married,36,No,0
59,138249,583,42291,Salaried,Married,36,No,0
62,86150,499,10571,Self-Employed,Married,36,No,1
59,107312,378,36331,Self-Employed,Single,60,No,1
34,109613,472,21209,Salaried,Single,48,No,0
51,94910,766,30394,Self-Employed,Married,48,No,1
25,72375,715,48148,Salaried,Married,12,No,1
55,141826,748,30682,Self-Employed,Married,60,Yes,1
43,55435,386,7224,Unemployed,Single,12,No,0
49,116443,400,46157,Salaried,Single,60,No,0
63,77132,307,49452,Self-Employed,Married,12,No,0
31,98945,499,48408,Self-Employed,Single,24,No,0
38,102050,804,37441,Unemployed,Married,36,No,1
32,149828,386,46430,Salaried,Single,36,No,0
29,115402,342,44129,Self-Employed,Married,48,Yes,0
30,22983,684,39716,Salaried,Divorced,24,No,1
64,117241,734,49859,Salaried,Single,36,No,1
37,40662,707,31586,Salaried,Married,48,No,1
58,43510,782,49760,Unemployed,Single,24,No,1
27,98187,316,28478,Self-Employed,Married,36,No,0
33,60998,447,11318,Self-Employed,Married,12,No,1
60,76846,576,33694,Unemployed,Married,60,No,0
62,114071,531,25180,Salaried,Married,24,No,1
29,26640,665,17180,Salaried,Married,48,No,0
47,64547,527,38002,Salaried,Single,24,No,0
22,74620,735,20372,Salaried,Single,48,No,1
25,35317,698,34796,Salaried,Married,24,No,1
49,135608,510,29427,Salaried,Married,48,No,1
57,27564,690,38290,Salaried,Married,36,No,1
58,47345,798,33099,Salaried,Married,12,No,1
39,133824,839,14821,Salaried,Married,36,No,1
28,114223,790,10832,Salaried,Married,12,No,1
21,143372,741,17820,Unemployed,Married,36,No,1
42,99273,560,21211,Self-Employed,Divorced,36,No,0
37,94859,649,44890,Unemployed,Married,24,No,1
27,100765,651,10842,Salaried,Single,60,No,1
45,130017,819,6316,Salaried,Single,48,Yes,0
24,94038,619,22508,Self-Employed,Single,48,No,0
56,143618,437,27005,Salaried,Single,48,No,1
26,72393,849,20206,Salaried,Single,12,No,1
51,86081,667,23971,Salaried,Married,48,No,1
39,145341,519,30599,Salaried,Married,48,Yes,0
64,122650,636,27056,Salaried,Married,24,Yes,0
59,49430,522,6378,Salaried,Married,36,No,0
47,95532,659,6519,Self-Employed,Single,48,No,1
30,47788,628,27161,Salaried,Single,60,No,0
46,115505,762,45703,Salaried,Single,48,Yes,1
39,68543,681,43861,Self-Employed,Married,12,Yes,1
59,33919,468,10355,Salaried,Single,12,No,1
23,89346,516,14083,Salaried,Single,12,No,1
33,116122,677,43342,Self-Employed,Married,48,No,1
48,59974,418,25456,Salaried,Married,24,No,0
40,127309,489,18324,Salaried,Single,60,No,0
48,36371,669,7257,Salaried,Married,48,Yes,0
28,65084,448,32364,Salaried,Married,24,Yes,0
61,49629,787,29972,Salaried,Married,24,No,1
59,71184,673,31654,Self-Employed,Divorced,48,No,1
21,81916,459,20233,Salaried,Single,48,No,1
23,147293,650,20887,Salaried,Single,24,No,0
33,93972,587,34320,Salaried,Married,24,No,1
48,82187,587,25808,Salaried,Married,24,No,0
45,32984,525,35154,Self-Employed,Married,48,No,0
53,53039,822,39773,Salaried,Married,24,Yes,1
58,105431,821,32747,Salaried,Married,12,No,1
26,103691,572,15860,Salaried,Divorced,48,No,0
64,78606,701,47838,Salaried,Divorced,12,No,1
52,30616,482,47156,Salaried,Married,36,No,1
41,122665,787,23156,Self-Employed,Single,48,Yes,1
36,125373,423,25360,Salaried,Married,36,No,0
41,70072,713,23135,Salaried,Single,24,Yes,1
31,44574,471,30351,Salaried,Single,24,No,0
57,23430,587,35499,Self-Employed,Married,60,No,0
56,139123,734,28554,Salaried,Single,24,No,1
55,32676,412,24604,Self-Employed,Single,36,No,1
39,30816,421,21923,Self-Employed,Single,24,No,1
40,52733,843,13547,Self-Employed,Married,48,No,1
38,105680,521,49283,Salaried,Married,24,No,1
61,22050,338,38002,Salaried,Married,60,Yes,0
34,129996,796,19562,Self-Employed,Single,24,No,1
35,53933,532,12480,Unemployed,Married,36,No,1
51,44951,829,31672,Self-Employed,Married,36,No,0
21,52413,448,9213,Salaried,Single,24,No,0
23,54801,696,15293,Salaried,Married,36,No,1
36,75619,601,39441,Salaried,Single,36,No,0
43,52913,659,7100,Self-Employed,Divorced,60,Yes,1
31,132573,537,49617,Salaried,Married,48,No,0
32,139076,535,33172,Salaried,Divorced,60,No,1
30,60600,502,25132,Self-Employed,Single,12,No,1
52,77775,555,23199,Salaried,Married,60,No,1
36,110816,534,41609,Self-Employed,Married,24,No,0
28,149972,644,47965,Salaried,Married,48,No,1
58,110093,833,13016,Salaried,Divorced,24,No,1
32,132590,765,44779,Salaried,Single,12,Yes,1
44,55400,840,42261,Self-Employed,Single,48,No,1
48,24494,512,36881,Salaried,Married,36,No,0
28,100688,762,22058,Salaried,Married,60,No,1
48,142744,735,29472,Unemployed,Married,24,No,1
56,109431,582,46346,Salaried,Single,12,No,0
46,94691,762,39926,Salaried,Married,36,No,1
28,117419,706,39832,Salaried,Single,60,Yes,0
48,128730,387,41021,Salaried,Married,36,No,1
48,63001,343,29087,Self-Employed,Married,60,No,1
57,87364,760,17828,Salaried,Married,48,No,1
61,144988,577,36128,Salaried,Single,36,No,0
56,65028,720,6401,Salaried,Married,36,No,1
47,127434,652,24643,Self-Employed,Single,36,No,1
37,117659,814,20193,Salaried,Single,48,No,1
29,57573,318,31853,Salaried,Married,12,Yes,0
53,20806,322,49864,Salaried,Divorced,60,No,0
40,144343,712,25307,Salaried,Single,36,No,1
33,76638,329,41982,Salaried,Married,48,No,1
48,148301,407,24611,Salaried,Married,12,No,0
49,146295,666,48791,Self-Employed,Married,60,No,1
33,126506,580,16950,Salaried,Single,48,No,0
55,49757,427,15704,Unemployed,Divorced,60,No,1
26,54636,528,48111,Unemployed,Single,36,No,1
38,100097,410,16867,Salaried,Single,12,No,0
25,68280,435,7745,Salaried,Single,48,No,0
45,44262,661,8866,Salaried,Married,12,No,1
22,100435,485,37245,Self-Employed,Single,36,No,1
30,82211,428,49724,Salaried,Single,12,No,0
50,74842,560,10818,Salaried,Single,12,Yes,0
25,148583,814,35116,Salaried,Married,24,No,1
53,76979,748,20493,Self-Employed,Married,12,No,1
21,134524,403,33038,Self-Employed,Single,60,No,1
38,101470,782,25447,Salaried,Married,48,No,1
52,58197,523,35431,Self-Employed,Married,24,No,1
31,61844,790,22908,Salaried,Married,48,Yes,1
41,84754,772,34336,Salaried,Single,48,No,1
46,121868,309,45992,Self-Employed,Married,36,No,0
45,54157,704,9025,Salaried,Divorced,36,No,1
42,97129,601,25093,Salaried,Married,24,Yes,0
47,60042,530,11155,Salaried,Single,36,No,1
33,81665,365,38487,Self-Employed,Married,36,No,0
53,135512,411,25963,Self-Employed,Married,36,No,0
54,136953,312,25936,Self-Employed,Married,48,No,0
61,102856,692,9426,Self-Employed,Single,24,No,1
55,47376,799,28303,Salaried,Single,48,No,1
21,129049,533,32606,Salaried,Married,60,No,1
41,75554,613,33151,Salaried,Married,48,Yes,0
26,34199,311,18767,Salaried,Single,60,No,0
48,138533,508,16308,Salaried,Divorced,12,No,0
37,101412,313,49245,Unemployed,Single,12,Yes,0
25,70948,717,29770,Salaried,Married,60,No,1
51,93781,736,33572,Salaried,Married,60,No,1
25,92750,676,46448,Salaried,Married,48,No,1
58,86262,319,7204,Salaried,Divorced,60,No,1
23,137424,369,32233,Unemployed,Single,24,No,0
43,66600,510,26729,Salaried,Married,12,No,0
57,96898,400,36131,Salaried,Single,12,No,0
57,82483,431,38870,Self-Employed,Married,60,No,0
30,38297,680,43011,Salaried,Married,36,No,1
30,50448,431,44382,Salaried,Married,36,No,1
39,46172,319,46475,Salaried,Single,60,No,0
37,62874,835,26607,Salaried,Married,24,Yes,1
41,27657,526,29968,Unemployed,Single,36,Yes,0
34,104386,453,38398,Self-Employed,Single,60,No,0
29,145617,768,16908,Salaried,Married,24,No,1
21,45425,704,31423,Self-Employed,Married,24,Yes,0
33,46685,501,48615,Salaried,Married,48,No,0
24,142000,337,14171,Salaried,Single,24,Yes,0
21,132855,487,17721,Salaried,Single,36,No,0
60,44578,356,21616,Salaried,Married,36,No,0
52,48831,319,47512,Salaried,Married,60,No,0
54,27906,572,43458,Self-Employed,Single,60,No,0
48,81413,418,12659,Unemployed,Married,24,Yes,0
51,74028,815,48369,Salaried,Married,12,No,1
28,27287,520,16704,Salaried,Married,48,No,0
59,53660,825,37793,Salaried,Married,12,No,1
46,95758,814,36226,Salaried,Married,24,No,1
54,80504,635,28852,Salaried,Married,24,No,1
23,79720,354,37082,Salaried,Married,12,No,1
32,122979,799,27794,Self-Employed,Single,48,Yes,0
21,54701,835,46420,Salaried,Married,12,No,1
64,103300,461,18379,Salaried,Married,60,No,0
25,130177,458,12006,Salaried,Married,36,Yes,0
50,37674,487,13682,Salaried,Single,60,No,0
50,103560,359,38840,Salaried,Married,36,No,0
37,131543,618,37430,Self-Employed,Married,24,No,0
43,43874,510,28091,Salaried,Single,48,No,1
35,63642,705,37983,Self-Employed,Married,12,No,1
57,143867,408,28989,Salaried,Married,48,No,0
41,117820,375,14915,Salaried,Single,12,Yes,0
34,85160,841,47552,Salaried,Divorced,60,No,1
22,37602,613,23990,Self-Employed,Married,60,Yes,0
31,123320,416,29734,Salaried,Married,12,No,1
59,108801,318,19824,Self-Employed,Single,48,No,0
58,45931,731,41081,Salaried,Single,12,No,0
54,114377,649,16033,Self-Employed,Divorced,24,No,0
58,49192,482,47736,Salaried,Single,60,No,1
54,66542,412,21241,Self-Employed,Married,24,No,1
38,147015,482,10939,Salaried,Single,60,No,0
50,62520,780,40063,Unemployed,Single,60,No,1
35,84772,445,39464,Salaried,Single,36,No,1
47,78762,412,16185,Salaried,Married,24,Yes,0
54,70106,775,32045,Salaried,Divorced,24,No,1
58,101121,602,49769,Self-Employed,Single,36,Yes,0
53,45559,417,24167,Salaried,Single,48,No,0
44,125595,460,41412,Self-Employed,Single,24,No,0
35,53742,700,26625,Salaried,Married,12,No,1
50,89669,497,44188,Salaried,Married,36,Yes,0
62,100199,559,32076,Salaried,Married,24,Yes,0
37,41754,346,49605,Unemployed,Married,48,No,0
25,23972,698,24029,Self-Employed,Married,24,No,1
49,90831,377,27973,Unemployed,Single,60,No,1
24,132217,423,44121,Salaried,Divorced,12,No,1
30,61873,374,36433,Self-Employed,Single,36,No,1
37,114661,436,48309,Self-Employed,Single,60,No,0
30,126532,699,6932,Salaried,Married,48,No,1
37,146267,804,49254,Self-Employed,Married,60,No,1
40,29903,799,6757,Unemployed,Married,60,No,1
44,23020,437,35722,Self-Employed,Married,48,No,1
25,61755,349,42853,Self-Employed,Married,60,Yes,0
54,105956,553,43405,Salaried,Single,36,No,0
26,106988,725,6116,Salaried,Married,24,Yes,0
22,65648,846,48527,Unemployed,Married,60,No,1
33,123537,601,16691,Salaried,Married,36,No,1
63,145991,648,5492,Self-Employed,Married,24,No,1
63,29516,348,32882,Self-Employed,Single,24,Yes,0
31,132863,373,13811,Self-Employed,Married,60,No,0
43,135005,560,32808,Unemployed,Married,36,Yes,0
36,22396,655,29272,Salaried,Single,60,Yes,1
51,104082,559,33399,Salaried,Married,48,No,1
31,39129,594,11474,Salaried,Divorced,24,No,0
36,148322,612,31956,Salaried,Married,60,No,0
28,21591,481,47506,Salaried,Divorced,24,No,0
24,31303,663,18979,Salaried,Single,36,No,0
60,50561,487,49523,Self-Employed,Single,12,Yes,1
24,91719,842,47565,Unemployed,Single,60,No,1
45,138618,847,33328,Salaried,Married,60,No,1
23,112108,707,17867,Salaried,Single,24,No,1
52,148748,713,30851,Unemployed,Single,36,No,1
23,119616,641,36279,Salaried,Divorced,48,No,1
47,144165,519,35527,Salaried,Married,36,No,0
49,106231,462,12866,Salaried,Married,60,No,0
52,27314,519,20449,Salaried,Single,48,No,0
39,137071,569,15685,Salaried,Single,36,Yes,0
41,39623,699,28544,Unemployed,Single,12,No,1
25,87675,481,10451,Salaried,Married,24,No,1
38,132992,504,26642,Salaried,Divorced,36,No,1
48,116826,527,46316,Salaried,Married,36,Yes,1
62,85082,549,44954,Salaried,Single,12,Yes,0
42,149839,740,43870,Self-Employed,Married,60,No,1
41,103624,832,36030,Self-Employed,Single,24,Yes,1
26,125228,495,35873,Self-Employed,Single,36,No,1
21,53130,818,5619,Salaried,Married,48,No,1
25,71756,369,38650,Unemployed,Married,36,No,0
61,117624,698,30372,Self-Employed,Single,24,No,1
32,46292,502,8642,Self-Employed,Single,36,No,0
46,131785,447,33001,Salaried,Divorced,12,No,0
54,147331,771,39064,Salaried,Single,36,Yes,1
34,106206,498,34290,Salaried,Single,36,Yes,1
46,89274,725,19122,Self-Employed,Single,48,No,1
47,22469,791,29820,Salaried,Single,12,No,0
29,73947,441,7895,Salaried,Single,12,No,0
46,42534,612,10366,Self-Employed,Married,36,No,0
42,83620,464,13711,Self-Employed,Single,48,No,0
50,68874,613,24596,Unemployed,Married,36,Yes,0
63,69708,320,23793,Salaried,Married,36,No,0
37,94553,381,13199,Self-Employed,Married,24,No,1
46,88344,430,15717,Salaried,Married,24,No,1
56,69138,604,41191,Salaried,Married,48,No,0
21,74302,670,15211,Salaried,Single,60,Yes,1
28,67638,683,28360,Salaried,Married,24,No,1
55,98249,744,26542,Salaried,Married,60,No,1
35,125865,724,36312,Self-Employed,Divorced,12,Yes,0
42,22719,460,41435,Salaried,Married,24,No,0
34,42890,477,33247,Self-Employed,Divorced,24,No,1
46,97236,789,27357,Salaried,Married,48,No,1
48,56509,626,46045,Salaried,Single,60,No,1
43,62534,588,32691,Salaried,Married,24,Yes,0
34,122302,653,17424,Salaried,Divorced,24,No,1
44,112241,327,23852,Salaried,Married,48,No,0
22,38787,342,27601,Salaried,Single,48,No,0
46,146209,722,23020,Salaried,Married,60,Yes,1
34,68845,476,13155,Salaried,Single,12,No,1
27,77932,828,8583,Salaried,Single,12,No,1
23,112124,793,20515,Unemployed,Married,36,No,1
43,111659,497,41777,Salaried,Single,24,No,1
63,53062,816,24710,Self-Employed,Married,60,Yes,1
38,95713,813,48178,Self-Employed,Single,24,No,1
58,107263,321,29532,Unemployed,Married,60,Yes,0
55,115756,411,23601,Self-Employed,Single,60,No,1
35,80461,356,9967,Salaried,Single,60,No,1
45,95418,365,23753,Self-Employed,Single,24,No,0
57,86672,397,25022,Self-Employed,Single,48,No,1
48,148232,443,48463,Salaried,Single,24,No,0
30,54832,734,14135,Salaried,Single,60,No,1
59,147335,385,10722,Salaried,Married,36,Yes,0
37,51966,643,32413,Self-Employed,Single,12,Yes,0
59,92545,593,32236,Self-Employed,Married,60,No,1
42,32987,542,20514,Salaried,Single,36,Yes,0
46,57311,331,48896,Salaried,Married,48,No,0
64,51575,690,42212,Salaried,Divorced,60,No,1
45,83852,576,45386,Salaried,Married,36,No,1
37,147650,831,25331,Unemployed,Single,60,No,1
33,21007,453,23060,Salaried,Single,24,No,0
40,90981,682,6196,Salaried,Divorced,36,No,1
45,96242,367,17297,Salaried,Single,24,No,0
24,67517,513,7787,Self-Employed,Single,24,No,0
30,130022,675,28816,Salaried,Single,36,Yes,1
23,49257,512,45695,Self-Employed,Single,12,No,0
61,107272,378,24702,Salaried,Single,36,No,1
38,62207,680,30242,Salaried,Married,12,No,1
56,33281,357,7176,Salaried,Single,60,Yes,0
42,81246,325,25127,Salaried,Married,60,Yes,0
54,21435,746,46560,Salaried,Single,36,No,1
28,118875,365,32228,Unemployed,Single,60,No,0
60,120686,553,25208,Self-Employed,Divorced,48,No,1
64,111357,343,33482,Unemployed,Single,24,No,1
39,46660,396,14171,Salaried,Married,24,No,1
62,25084,526,40219,Unemployed,Married,12,No,0
61,102197,735,38396,Salaried,Single,60,No,1
57,33507,678,47589,Salaried,Divorced,12,Yes,0
26,92595,477,45546,Salaried,Single,24,No,0
46,103807,726,8696,Salaried,Married,24,No,1
54,65539,606,25058,Self-Employed,Single,60,No,0
26,135953,803,25313,Salaried,Married,48,No,1
57,27491,567,24149,Salaried,Single,48,No,0
53,147706,307,46075,Self-Employed,Married,60,No,1
42,132831,807,9956,Salaried,Married,60,No,1
41,70192,775,15195,Salaried,Divorced,12,No,1
26,100395,596,22076,Salaried,Divorced,60,Yes,0
26,143797,463,6105,Self-Employed,Married,48,Yes,0
24,83888,784,20417,Self-Employed,Married,60,No,1
50,93609,371,29729,Salaried,Single,12,No,0
31,29077,537,35099,Salaried,Single,12,No,0
50,137440,403,37598,Salaried,Single,12,No,0
51,142901,509,34961,Self-Employed,Single,12,No,0
44,40953,767,17602,Salaried,Single,36,No,0
29,96919,753,14256,Salaried,Married,60,Yes,1
23,134682,567,25584,Salaried,Single,24,Yes,0
51,141041,685,39681,Salaried,Married,60,No,1
60,87889,686,30792,Salaried,Single,36,Yes,1
57,43821,558,26904,Self-Employed,Single,12,No,0
56,57567,582,48361,Salaried,Married,36,No,1
44,135374,339,39540,Salaried,Married,48,No,0
51,44860,785,31536,Self-Employed,Married,48,Yes,1
26,41195,519,24164,Self-Employed,Married,60,No,0
22,97475,428,17996,Salaried,Single,60,No,0
40,110874,819,7871,Salaried,Married,24,No,1
48,107266,559,27626,Salaried,Single,24,No,1
31,41427,665,15521,Unemployed,Single,48,Yes,1
24,120732,843,48410,Salaried,Married,12,No,1
35,47083,823,6132,Unemployed,Single,36,No,1
26,107046,315,38467,Self-Employed,Single,24,No,1
50,77372,428,19534,Salaried,Divorced,24,No,1
58,143786,408,28854,Salaried,Divorced,12,No,0
22,64064,832,47998,Salaried,Single,12,Yes,1
35,27813,568,44065,Salaried,Single,60,No,0
31,51598,461,12812,Salaried,Single,36,No,1
28,132718,559,9557,Self-Employed,Single,12,No,1
46,146879,401,7179,Unemployed,Divorced,24,No,0
64,113106,805,48798,Salaried,Single,24,No,1
25,47082,546,14065,Self-Employed,Married,48,No,0
26,49241,836,13275,Salaried,Single,12,Yes,0
46,116214,430,40948,Salaried,Divorced,60,No,0
24,64569,652,25700,Salaried,Single,36,No,1
39,31745,495,44464,Self-Employed,Married,60,No,0
40,46029,681,47351,Unemployed,Single,24,No,1
53,33025,526,32794,Self-Employed,Married,60,No,0
40,121660,775,33783,Salaried,Single,24,No,1
32,143395,776,21998,Salaried,Single,24,No,1
21,34288,564,18869,Salaried,Divorced,24,No,0
46,109186,671,49525,Salaried,Divorced,24,No,1
34,26540,785,33152,Self-Employed,Married,24,No,1
58,117768,733,25954,Self-Employed,Married,48,No,1
57,101958,510,36555,Self-Employed,Married,60,Yes,0
31,88878,676,21654,Salaried,Single,48,No,1
56,61846,694,40236,Salaried,Single,48,No,1
33,121148,749,20042,Salaried,Single,12,Yes,0
63,95932,663,30966,Salaried,Married,12,No,1
23,37482,756,49314,Salaried,Single,12,No,0
53,43411,525,19270,Self-Employed,Single,36,No,0
26,70975,430,35908,Self-Employed,Married,12,No,1
30,80545,775,20523,Salaried,Married,60,Yes,1
25,132302,576,24991,Salaried,Single,48,No,1
43,98797,455,15775,Salaried,Single,60,No,0
30,72307,517,17265,Salaried,Single,12,No,1
64,23093,489,24459,Self-Employed,Single,36,No,0
22,97258,716,21673,Salaried,Single,36,No,1
33,42042,845,32056,Salaried,Married,48,No,1
60,72930,340,11614,Salaried,Married,60,No,0
22,137584,606,41020,Self-Employed,Married,24,No,1
40,64413,637,12415,Salaried,Single,60,No,1
21,133387,613,28155,Salaried,Married,12,Yes,1
57,113623,374,48884,Salaried,Single,24,Yes,0
29,117883,578,21964,Self-Employed,Married,36,No,1
37,53756,475,42726,Unemployed,Married,48,No,1
29,73268,572,42044,Salaried,Single,48,No,1
31,59214,588,42544,Self-Employed,Single,36,Yes,0
35,101871,571,37252,Unemployed,Married,12,Yes,0
44,147844,365,8832,Unemployed,Single,36,No,1
58,48602,782,30275,Self-Employed,Married,12,No,0
55,73331,547,19901,Self-Employed,Single,24,No,1
50,68901,455,43213,Salaried,Married,36,No,0
51,119986,346,39148,Self-Employed,Single,12,No,0
25,83416,753,47633,Salaried,Single,24,No,1
64,52196,500,27918,Self-Employed,Married,36,No,1
34,148386,423,24540,Salaried,Single,48,No,1
31,25626,300,16580,Self-Employed,Single,36,No,0
29,27424,490,43402,Self-Employed,Single,60,No,0
54,32857,815,43578,Salaried,Single,36,Yes,1
32,130459,741,29917,Self-Employed,Single,60,No,1
55,135621,442,27318,Salaried,Single,24,No,0
55,39982,490,15179,Self-Employed,Divorced,36,No,0
21,96961,832,17251,Salaried,Single,24,Yes,0
60,21980,526,24493,Salaried,Married,24,No,0
42,68290,612,25466,Unemployed,Single,12,No,1
49,46431,601,35206,Salaried,Single,24,No,0
28,104976,759,24624,Self-Employed,Divorced,24,No,1
31,127288,700,31564,Salaried,Single,36,No,1
61,102711,692,27412,Salaried,Divorced,36,No,1
57,134187,506,32990,Salaried,Single,48,No,0
34,46385,509,40517,Salaried,Married,12,No,0
50,58158,414,18156,Salaried,Married,24,No,0
55,43019,550,28064,Salaried,Married,12,No,0
41,38639,518,30711,Salaried,Married,60,No,1
57,105530,706,35106,Salaried,Married,24,No,1
25,119911,742,21589,Unemployed,Single,12,No,1
39,41563,653,28736,Unemployed,Single,48,No,1
34,59341,849,25975,Salaried,Divorced,48,No,1
46,135672,441,41218,Self-Employed,Single,24,No,0
24,25776,800,12214,Salaried,Single,60,No,1
45,56444,846,35581,Self-Employed,Married,48,No,1
62,88916,841,25195,Self-Employed,Single,48,No,1
45,28711,806,49582,Unemployed,Divorced,60,No,0
38,94318,580,32127,Salaried,Married,12,Yes,0
60,102970,723,10141,Self-Employed,Married,48,No,1
28,132301,569,33884,Salaried,Married,36,No,0
59,105553,453,29885,Unemployed,Single,48,No,0
60,50707,382,7708,Salaried,Single,12,No,0
34,59110,725,23375,Self-Employed,Married,12,No,1
52,149410,574,20088,Self-Employed,Single,24,Yes,0
58,81788,583,49602,Self-Employed,Married,36,No,1
53,102879,472,15014,Salaried,Divorced,12,No,0
43,58827,626,8273,Unemployed,Married,60,No,1
35,127188,362,42306,Salaried,Single,36,No,1
53,25655,372,35881,Self-Employed,Divorced,36,Yes,0
45,64859,674,36486,Salaried,Married,60,No,1
37,73625,807,17541,Salaried,Married,48,No,1
53,72098,697,13712,Salaried,Single,60,No,1
22,35251,419,14168,Salaried,Divorced,60,Yes,0
34,142413,736,8551,Salaried,Married,48,No,1
60,20526,764,17297,Salaried,Married,48,Yes,0
60,88760,585,48733,Salaried,Married,48,No,1
